,A,B,C,D
2000-01-01,1.2696174186141425,0.6110129578158727,1.4237047225418373,0.483272266576327
2000-01-02,2.939036824903339,0.08113065610038683,1.6791306038304668,1.408843699477262
2000-01-03,3.0959584024122844,-0.1829462278955239,1.3091120350535577,-0.08741608193010753
2000-01-04,1.2800979654465892,-1.0529101588757233,0.6266950559002467,-0.4974833318851161
2000-01-05,-0.20730372251903284,-1.0566092906909421,1.1400923987912839,-1.2060952846212838
2000-01-06,0.7170311064248294,1.4855547713993211,2.931934321341965,-2.5589430981651677
2000-01-07,0.04708217240452217,0.8956729973947046,2.338482311321627,-2.179579569770292
2000-01-08,-0.6159061128745088,0.3113584897762377,4.325492970393713,-2.4017897065532248
2000-01-09,0.9704215252378455,-1.2819545468027016,2.8927939867283374,-2.9012168595207064
2000-01-10,0.37094176573580717,-2.459096647246562,2.3300884623901115,-3.901505474607469
2000-01-11,0.04807003392671971,-3.046844242703018,2.251969145980804,-4.313744205806954
2000-01-12,-0.2472118287523195,-3.3764484666541197,3.3771254811421465,-4.7548309456308395
2000-01-13,0.9002832076788796,-2.6236293858729898,1.1219167212348018,-6.656253032980544
2000-01-14,0.322744370243198,-3.6553913205936333,0.18571317379083574,-6.464948238601374
2000-01-15,0.046178948016496135,-3.917904484206543,0.1770754058071076,-5.25502128469175
2000-01-16,0.29705175774408393,-2.1728648560184562,0.1477853771128123,-5.616022875865156
2000-01-17,2.9251929858499195,-1.8361809984805004,-0.6256741423740535,-6.682503768491756
2000-01-18,1.3118079538665608,-1.195867684103181,-0.562354127232216,-6.664112127275911
2000-01-19,1.448323642378908,-2.29727250124078,-1.2295480006095063,-5.727454901933607
2000-01-20,1.4356980866185298,-1.9156613149350958,-1.0727701069058713,-6.458975820986243
2000-01-21,1.8389387860976805,-0.8916756155014263,-1.6616549592162806,-6.806877162087809
2000-01-22,2.1499485805706127,-2.1241172060450304,-1.598644089347462,-6.910429448900189
2000-01-23,2.7442236800472246,-1.200902958094079,0.05170846448728228,-5.273737696431268
2000-01-24,2.82342384652089,-2.013421981464063,0.21808022448368367,-4.978618816161026
2000-01-25,4.881160508553258,-0.6348538040229315,0.841468024395346,-4.5753531194555705
2000-01-26,4.734405428810677,0.30426006856282994,0.32098314925485816,-3.5974927306457403
2000-01-27,6.257106681894971,3.083470916453113,0.6733270022142129,-4.080547792613004
2000-01-28,7.635958174866663,3.3011446295494578,2.29597990292439,-4.2999066045776955
2000-01-29,7.2035493165335165,3.0981743418738286,1.514775116778719,-4.771364543372628
2000-01-30,6.733939496024637,3.2181966077967235,0.020976659751024584,-3.2261061220443032
2000-01-31,4.337708847243178,3.1784120640908538,-0.15460460997086994,-2.9665276567562713
2000-02-01,2.80747521666538,2.244037761989791,1.2916050274856896,-1.6092394328838717
2000-02-02,1.5904517970639291,2.4685457110968367,1.0799453108375163,-3.826816079218559
2000-02-03,1.3335117938972763,2.4661333697445267,1.3945881541242957,-3.9799424348560155
2000-02-04,0.5341094530093786,1.7876313902189005,-1.1646473271283946,-4.025333180109341
2000-02-05,0.9724399534115462,1.3823426283927924,-0.6521543145163834,-3.781299191805155
2000-02-06,2.300314889242669,0.6918924438043619,-0.2701071314513033,-4.480038744529489
2000-02-07,2.01658640910083,-0.6721316004410283,-1.5363652351414123,-5.043319429356842
2000-02-08,3.438510839854173,-2.111921519022892,-1.9926528204067289,-6.418743267531688
2000-02-09,3.0819704207600274,-2.2277010862170963,-2.703744310079924,-6.792127288097131
2000-02-10,3.0815136312684435,-2.4258735170714694,-4.111920499473532,-7.599011483613865
2000-02-11,2.5681756311548845,-2.17204640267986,-4.160189226978655,-6.6826618362124925
2000-02-12,2.1636967692639457,-1.277474531807107,-3.34557611734153,-6.624181773872295
2000-02-13,2.4325709713622197,-3.7335351143277835,-4.044106803765281,-7.182147429573064
2000-02-14,3.4950691298204672,-3.8633119631913493,-3.390796756319933,-6.788128157840623
2000-02-15,3.8031467233164995,-4.349826033655024,-4.150258271249565,-7.328439714554522
2000-02-16,3.519105561066891,-5.092258734718247,-3.9853274150488036,-7.367315776869852
2000-02-17,2.236896856616254,-5.623913308724892,-3.5479663340483905,-6.973124599716101
2000-02-18,3.4229576680064797,-5.719977099280377,-4.026716070353157,-5.797955754019128
2000-02-19,3.378854946046508,-5.3557011807716615,-3.071249637993291,-5.545425522558599
2000-02-20,2.9400476723318207,-5.909336298696995,-2.4794054669327434,-4.733852113851022
2000-02-21,1.5364698731321922,-5.763330542929846,-1.8685550602580339,-5.560471595406791
2000-02-22,1.8234937711095103,-5.103438292460129,-3.8623190018196856,-5.805850053717196
2000-02-23,1.7495310332761635,-5.91302221849576,-5.625485976860531,-6.040243394153418
2000-02-24,0.9090154973583666,-6.59716106397234,-6.5458263898343105,-6.963660055526922
2000-02-25,0.5780711447496045,-7.166774617208207,-5.44109497472735,-7.4672621051804935
2000-02-26,0.05270374821917412,-7.284713213802463,-5.356030430429797,-8.500655838749331
2000-02-27,-0.9397204696966779,-6.16040740034464,-4.821650523659377,-7.932463006749602
2000-02-28,-1.135093272130523,-4.937686491856455,-3.7712938759455117,-8.48287802881447
2000-02-29,0.8545354543047374,-2.9949668497125264,-5.601695207484738,-9.518015795747147
2000-03-01,-0.4901868143472776,-2.7005828736969164,-4.796976306354537,-8.81107392065211
2000-03-02,-1.7022205436442819,-3.754187948854892,-4.052488779083464,-9.322051442254569
2000-03-03,-1.926369841736894,-3.0745232731069816,-3.7746760831451374,-11.518206081981909
2000-03-04,-3.2219386599681914,-3.961452467660685,-4.002181254439521,-11.616946301429662
2000-03-05,-4.828648462426513,-3.3126841810258965,-5.895995623731872,-12.005579721137767
2000-03-06,-5.80369925457404,-1.205259010617603,-7.692495818123053,-12.778467374109187
2000-03-07,-5.7188290522657,-0.5123631342777234,-8.47801810459527,-13.323635799489466
2000-03-08,-5.140116505788381,-1.5326270915284175,-8.47794858858687,-13.572198541185223
2000-03-09,-6.073588660951901,-0.8355370044252388,-9.114788742734603,-13.171692222989009
2000-03-10,-5.073760162819888,-2.5556757967455166,-8.959744001390536,-12.150263155811027
2000-03-11,-4.208619356931498,-5.240083596852601,-10.517885430095866,-13.441574791339516
2000-03-12,-4.469169242340776,-5.724889065023197,-10.115693216573966,-13.60907700305767
2000-03-13,-4.738631228893174,-5.846692567360185,-9.083797449128289,-13.483727736620729
2000-03-14,-3.9362786118368174,-6.853836780153225,-9.227644028326386,-13.463637719706556
2000-03-15,-2.5201232322491474,-7.341262209936142,-9.080280381270901,-13.01013326972883
2000-03-16,-1.8389862662204175,-8.410218388221178,-7.5772268201541815,-13.477589689488351
2000-03-17,-1.3135506127111998,-8.978040128258431,-6.76086008582223,-11.440018057111319
2000-03-18,-0.3353666242909128,-11.825789186113441,-6.74955865985025,-10.50130785880387
2000-03-19,-0.8347792146758038,-10.65139850363228,-9.303594648736475,-11.279350371595198
2000-03-20,-0.9447250159799383,-9.963155376730196,-9.826437352174553,-10.468191947138493
2000-03-21,-0.5906146060715547,-8.959067290696957,-8.231798723839281,-11.998594894799423
2000-03-22,-0.21224401353415234,-9.62564396866929,-6.143070695598097,-10.620527296513387
2000-03-23,0.48501268963056277,-8.770682783895815,-5.9900757631765975,-11.875109018562808
2000-03-24,2.023388091845803,-8.596459686484353,-5.344639382916839,-13.12061598349486
2000-03-25,2.859319578364474,-7.780114051495308,-4.948846315610475,-13.343818845620047
2000-03-26,1.0223214308769804,-7.56420560122059,-4.823836969057625,-14.371539035664773
2000-03-27,2.0219570974650556,-6.153613069702252,-4.612579014136448,-13.613100047784329
2000-03-28,2.9753203471202663,-6.8567125367205515,-4.259013544581302,-13.293898784188972
2000-03-29,2.4183463354474943,-7.600040973653169,-2.616972646922364,-13.011288384882093
2000-03-30,1.576702494744232,-9.363748777727384,-0.9207591593385989,-12.89867644669892
2000-03-31,2.4381570305147653,-8.013508331213048,-1.337285001985709,-11.635605662160428
2000-04-01,1.822274183273862,-7.114326983848066,-1.09355469844132,-12.471141624884897
2000-04-02,0.9686660172013053,-7.0149532713708105,-1.3882196695983027,-12.943978121309714
2000-04-03,0.6930198424176569,-5.986654746000456,-3.1474812675486556,-13.502638702866516
2000-04-04,1.6738943725762556,-7.326210144161916,-3.6570034204470305,-14.35672551286635
2000-04-05,1.8282854169610936,-8.796067286302591,-2.9366016037430382,-15.306973005992125
2000-04-06,0.4477368459591744,-7.881383975898584,-1.920315794967193,-15.37192809092449
2000-04-07,-0.09849432547327597,-8.76603026421619,-1.679829611240765,-13.196686495155308
2000-04-08,0.7926534161142927,-8.501324585484026,-1.463167929350563,-13.352012787002714
2000-04-09,0.29617206891110864,-9.160577753897678,-0.9660480893658636,-14.15485812285002
2000-04-10,-0.18072549410215571,-10.421446083150787,-0.7765865349133569,-13.212606530174202
2000-04-11,1.3062073095112001,-10.508212162021655,0.8238466251738987,-14.39366538695977
2000-04-12,1.2614829770324587,-11.643852532657242,0.8503881745150982,-15.157465938372491
2000-04-13,0.4381889920588825,-11.030897344972708,1.3906681339140143,-14.209595727822615
2000-04-14,0.7662914785153019,-11.193357948016265,1.4605869018070947,-15.827548241434199
2000-04-15,0.6513185236501342,-12.356382277738081,0.8006182146878202,-14.72236653055851
2000-04-16,1.5648351110371421,-12.291673878677987,1.1875603099396614,-14.364489087949728
2000-04-17,0.8884563446970495,-13.219298506414496,1.8079653106348084,-12.191537440937733
2000-04-18,-0.3601277880632383,-13.449353627903532,-0.0019449192404032978,-13.310922551538162
2000-04-19,0.7144108748526092,-13.400092065737649,0.5209873193838961,-13.209052325553674
2000-04-20,-0.868732259396308,-14.982346996413032,0.46677935258497427,-13.390491624626625
2000-04-21,-0.5308966002035681,-14.492298747224526,2.552505774921011,-12.922588249340137
2000-04-22,0.24169878908354037,-14.631714144749605,2.4507720333685468,-13.265844571296675
2000-04-23,2.5045140808384008,-13.633347064826175,1.3978257719280087,-13.447552086639755
2000-04-24,2.293629924025231,-13.597602082094939,1.5505599997504238,-12.397475478054242
2000-04-25,0.8002324533752243,-14.758350116041523,0.7007101343600024,-12.847542804841165
2000-04-26,1.5672218357174001,-16.06530518128304,4.137620518853783,-11.910474614205716
2000-04-27,2.7448528061393827,-15.296641493652187,3.7419478806169186,-11.235129412214292
2000-04-28,4.5227336063730466,-15.753481712265483,3.3979413281733484,-11.513161419308917
2000-04-29,5.567997449169907,-16.95180475611095,1.4785408529749895,-12.45490282606903
2000-04-30,4.270933818054666,-16.329323203623336,2.4392922672247828,-13.074419895796552
2000-05-01,3.5642214029457406,-15.704276416362266,2.2217335611105047,-11.999903553426442
2000-05-02,3.5452329940356324,-14.677137485396944,2.133075581958169,-13.277538769383888
2000-05-03,3.619210962632885,-14.100069105038656,2.227784977079728,-13.8889434179534
2000-05-04,2.1483961044336306,-15.18259227943807,2.2622833855258295,-12.474057889345813
2000-05-05,1.5045071916514603,-14.912506866476678,1.8649940986580194,-12.677693565616337
2000-05-06,2.093713687845213,-13.56881664749612,2.1780321880040354,-13.57719214988936
2000-05-07,1.8780865518409349,-13.602138175613186,0.5337727992803791,-13.822207730854478
2000-05-08,1.9606164864122821,-13.45430754679591,-0.16321395888885115,-13.754440412072501
2000-05-09,2.2751865265018525,-15.044749081690036,0.7372696269769238,-13.907782028741053
2000-05-10,2.1974312530445568,-14.396621765021052,-0.5239836472462,-14.623359706155401
2000-05-11,1.4599857351377166,-12.085466284950968,-0.2331601858038228,-13.437688654117762
2000-05-12,1.577756310906733,-11.705473102539592,-1.5291907813800563,-11.76323851882197
2000-05-13,0.4606602586188604,-12.46862332820162,-0.7296032240861053,-9.934405285050738
2000-05-14,1.7072053432875887,-11.2892565856243,2.066993674936754,-8.723867305475697
2000-05-15,0.29440619947866287,-11.984973388629006,1.0883442544960695,-8.715133439283
2000-05-16,-2.2771683324931073,-11.05947439728584,1.2055941567060546,-9.701581124245665
2000-05-17,-0.6199645169434576,-9.321682966610723,-0.29679185682048725,-8.88816898981724
2000-05-18,0.6308205287091071,-9.943935512297644,0.7443989560660136,-8.633016123274228
2000-05-19,-0.4633353162214564,-10.99349932384272,0.14397062372083158,-7.785180965136976
2000-05-20,-0.07127466903394081,-11.347722848706148,-0.8240525724534762,-7.931125437231832
2000-05-21,0.4605286923048307,-9.619648458527866,-0.17384353592185564,-8.10099700604393
2000-05-22,1.3282059182455441,-11.161881412534942,-1.4849949321730365,-5.934269552099753
2000-05-23,1.3232121495195701,-11.184940315420478,-1.3075586214504515,-6.551639419331186
2000-05-24,2.501050653236597,-11.871404002963851,-2.5028120231096844,-9.0212664238543
2000-05-25,1.6888910270506958,-12.55996531507498,-3.0702959477810126,-6.893892700969418
2000-05-26,1.7592116558185897,-11.118263742391674,-2.072220136352752,-6.839521050851386
2000-05-27,0.8799684443491828,-12.233564478629932,-3.6028911052159596,-6.217317088628747
2000-05-28,0.9160873036742725,-12.931522873118121,-4.47614139560703,-5.894917856998643
2000-05-29,1.8186960282287887,-13.58970880872691,-4.905921497903612,-6.6784191260998
2000-05-30,0.878105068796115,-16.212613244423586,-5.543019940052823,-7.862467192272578
2000-05-31,0.8259060592470513,-16.630720783470597,-6.100944776472762,-8.194022424094468
2000-06-01,2.019632508080499,-17.93151846094539,-5.674086982159995,-8.062456097495247
2000-06-02,2.9171863153609987,-16.938988679911944,-7.150466543034323,-8.02487033237964
2000-06-03,1.1521310754821363,-19.91660253523061,-5.509105496527721,-8.082956416079348
2000-06-04,1.5938634427729923,-20.5695028059068,-6.425357056760056,-7.383702748595766
2000-06-05,1.3734135752471988,-22.35242576534149,-6.557434553512053,-8.344924104845553
2000-06-06,1.7414283047599173,-22.422676512637086,-5.1360778463977965,-6.741128422951517
2000-06-07,2.2770697119737564,-21.544928676552253,-4.068011673855537,-7.0560446739697005
2000-06-08,1.9139275988399786,-21.608565524056157,-4.869297669556488,-8.277099033992531
2000-06-09,1.9584744633538305,-20.296694523840703,-4.210088832282205,-9.260068834492369
2000-06-10,2.116528864307152,-18.1144174273899,-4.417002535705358,-10.551153677763596
2000-06-11,1.639042183263492,-18.499366003891517,-4.498289460726228,-9.619833422190995
2000-06-12,0.7558779502132877,-18.293500491139977,-4.766317455586157,-10.49361936577265
2000-06-13,0.6890892172713587,-18.29940578941803,-3.7172527852185056,-9.45729706237219
2000-06-14,1.5075443831540427,-19.537447865438526,-5.290145073836004,-11.480171863086365
2000-06-15,3.0125026666646666,-21.52921657455642,-4.130075493207027,-12.354603402906374
2000-06-16,4.290210286317056,-22.333091252297805,-4.0828036872351605,-12.19799587041778
2000-06-17,5.05202590159428,-23.24488048890784,-2.9303716712736887,-13.622023041079736
2000-06-18,6.13151787651083,-23.526448145768214,-2.726513085000031,-15.045348579705587
2000-06-19,5.172628544471247,-23.169570446739897,-3.810268263168617,-14.91797232566019
2000-06-20,4.129615641836588,-23.057808661595452,-4.5981076446704225,-15.112875629312201
2000-06-21,6.4328266964085845,-22.903748013002687,-3.4983783275456677,-16.016959479636167
2000-06-22,8.527297464298154,-23.853860221993695,-4.346874662265067,-17.5494183599
2000-06-23,8.032090106916625,-24.287355191327755,-4.5364170100002825,-16.98794705402582
2000-06-24,7.337875058524798,-24.945208676442387,-4.198812434626543,-17.72848906091212
2000-06-25,6.264884011455969,-25.86691965918329,-5.046285368735801,-17.111682889766676
2000-06-26,4.555229641858256,-25.13871836464045,-3.958659791045265,-16.190030827653697
2000-06-27,4.660143115204029,-26.39241526714293,-2.6721531309414024,-15.658778679816542
2000-06-28,4.298859655281452,-25.720372287710457,-1.3477584161904874,-15.44271094529109
2000-06-29,4.3926351824374565,-25.027435092619744,-1.2665936519286733,-16.35563174330187
2000-06-30,5.283541742657159,-24.80797533750759,-2.1867342657589304,-17.258828696987955
2000-07-01,4.286484041178379,-23.16367950073951,-2.65325638357796,-15.998062543561842
2000-07-02,4.984095810133033,-23.47136628824723,-2.6795750121985327,-16.06441664289483
2000-07-03,6.129123160138893,-24.821967727771547,-3.0959412611786865,-16.4378828071028
2000-07-04,6.506942958885369,-25.840645226339504,-3.943523734713215,-16.83449173886521
2000-07-05,8.296863459107337,-24.499246687744428,-3.7848065789059193,-16.15317016971992
2000-07-06,7.4693631412804145,-25.047292395275235,-2.5123914646623566,-14.96464901014161
2000-07-07,10.312830990258655,-23.116244398457187,-1.1114658104536403,-14.725371111709334
2000-07-08,9.983206456913111,-24.26491702007773,-0.278962853684507,-14.339946229764294
2000-07-09,9.08674941694043,-25.106769124186716,-1.1237660909277483,-14.827216044331411
2000-07-10,7.748921993602436,-23.920279032286246,-0.7117132590429534,-14.08267890455531
2000-07-11,8.415215843224496,-22.57433249544025,-2.202478330036139,-15.445617661210058
2000-07-12,8.510270863644909,-23.098275012963082,-3.7831291723017157,-15.452109782091277
2000-07-13,8.409479259703808,-23.701590140744578,-3.4018999204636,-15.831486004608035
2000-07-14,8.82015274371653,-23.51257682144922,-4.2983360333470015,-15.219141603145687
2000-07-15,7.396033068623139,-24.308458106715335,-4.458920014116442,-15.705669269346062
2000-07-16,7.3190973143917075,-25.9092423701266,-4.576505084079844,-16.956127050245414
2000-07-17,8.550624217488243,-27.53003747168691,-6.131194830067452,-16.520591690513086
2000-07-18,8.360330046155436,-26.58876591253812,-5.2955401992676085,-16.09449148530257
2000-07-19,9.161211988925816,-27.74485841625633,-5.421204489132712,-16.204836292220943
2000-07-20,8.685179645491067,-27.800890667797127,-5.298348027596263,-17.065367622679553
2000-07-21,10.177729996454943,-28.985079453548753,-5.033125361834216,-18.871825086397912
2000-07-22,10.594807823528415,-30.200470071574557,-3.714672088277887,-18.90085055234279
2000-07-23,9.413905513687773,-28.318341180295647,-3.6379875598138898,-19.63608870779966
2000-07-24,9.076747413402753,-29.551887619231284,-3.6039436755044725,-19.56153863632373
2000-07-25,8.045815391598024,-29.838407833246762,-4.56018523713221,-19.06751229461616
2000-07-26,8.15960527584657,-28.316400745909654,-3.9147101215147355,-20.58682898830762
2000-07-27,7.392843630813573,-27.29624505166435,-4.180309334518993,-22.517345508201053
2000-07-28,7.844458707461756,-27.538138370170582,-4.108501956190941,-22.518118190769126
2000-07-29,7.648260312352577,-27.172099501731513,-4.0886118093567765,-21.618384852341773
2000-07-30,8.447724325095217,-28.20629630423977,-3.008767979908616,-21.668031597277228
2000-07-31,7.141036860015701,-27.502408392652775,-3.1777110607543584,-23.02368829475083
2000-08-01,8.011629252660729,-27.98286150742386,-5.318258764087323,-22.057152066322786
2000-08-02,9.624193251441156,-30.171746773010916,-4.97731559304371,-23.164715080052886
2000-08-03,9.47842798823776,-31.332274352149824,-3.352624984007979,-24.297726215017136
2000-08-04,10.911269764958266,-31.737610241391817,-3.3119702713822594,-23.074607354329565
2000-08-05,10.51106814702909,-32.47038890017849,-1.4902135525851372,-22.89351687024866
2000-08-06,10.832738714784329,-31.293021066201526,-1.2302064447230392,-23.201273674817358
2000-08-07,11.210598598248103,-31.22835912598259,-2.091481225340006,-24.463699889658024
2000-08-08,13.368626547781036,-31.641215006880735,-1.4166638860405905,-24.06972077131405
2000-08-09,13.215791858959635,-32.12273480161243,-2.94057588880927,-23.471963196072807
2000-08-10,12.874671907520623,-32.023072558418356,-3.0369136671992782,-21.420123125206416
2000-08-11,12.717805834811275,-32.58912965198443,-3.210497108228056,-22.19533369425572
2000-08-12,12.767203391608392,-32.39495013014422,-2.168067290279092,-20.60988332470572
2000-08-13,11.667256939634424,-31.634045399234232,-3.1265031360914004,-22.503306730756016
2000-08-14,11.00362823399782,-30.47260722620441,-3.4648587546771594,-18.8691725474412
2000-08-15,11.318019904013486,-32.56157227436308,-2.7961238385775613,-19.359645976157186
2000-08-16,12.463838624734219,-32.86962074918195,-1.5490182267396682,-20.80717048788492
2000-08-17,12.808820019470936,-32.40341612388681,-1.7957837127885312,-21.99036791851473
2000-08-18,14.041689264179167,-32.075991020464755,-1.642137366916697,-21.04367038351278
2000-08-19,14.409196808683022,-30.478852681140957,-1.4566558118567616,-21.039776737079798
2000-08-20,14.993622028064411,-30.87658141099491,-0.36561596678527186,-20.571870053417783
2000-08-21,15.606809415909337,-30.550018962835253,0.03440876129564385,-20.081669881346727
2000-08-22,15.289026987278767,-30.938490689216756,1.2416615465719631,-20.231790746151187
2000-08-23,15.359645182626378,-30.67536507075369,0.2498905062700406,-20.05741408843966
2000-08-24,15.856152823553574,-29.999970533254736,0.0787315735979674,-20.074169882031473
2000-08-25,14.276695922285304,-30.621841634974906,0.01214335605866236,-19.880510237729986
2000-08-26,13.579959231063322,-31.092079494300542,-0.5901116952044798,-19.132583073451574
2000-08-27,12.460483063357993,-31.03498881802003,1.1899849442937045,-19.153326284448212
2000-08-28,10.918609576295385,-30.775119419651574,4.6645233209995425,-19.813093971418493
2000-08-29,11.573487045992104,-31.56160111851661,4.891324265625981,-19.678063981257967
2000-08-30,11.904475572332961,-31.72619392966243,5.246437763012533,-21.323414734121933
2000-08-31,10.45809481389403,-31.95544317181731,5.151132598494126,-20.89403509667608
2000-09-01,10.555449729209823,-31.625564891042966,5.517813579639919,-20.792434078136
2000-09-02,8.266439796488413,-30.899657826939684,5.5716534160184015,-20.791205002572305
2000-09-03,9.080390512343161,-28.693413176233047,5.371568173568405,-20.46976696233585
2000-09-04,7.4810738234829985,-29.905212936955323,6.904543999922589,-20.525196728111272
2000-09-05,8.69342412731158,-29.778294620404456,7.282771912700103,-21.26927432665715
2000-09-06,8.355203393867379,-29.736470189692938,6.271127045373193,-20.10716416226753
2000-09-07,6.863396487454727,-29.5695351331019,7.2254797793110255,-20.50965527179637
2000-09-08,6.62695612444577,-30.2753421861001,7.610485585997348,-21.127231848816592
2000-09-09,6.410866765771965,-30.773117643782534,8.640226729466397,-22.75160136327485
2000-09-10,7.328676737730272,-29.523360670163708,8.01995579822671,-23.6442825208436
2000-09-11,6.700998370680626,-28.403770387750846,6.863706731373777,-23.679673949409107
2000-09-12,6.590761816758362,-29.357484300761037,5.223410804656822,-24.25064017186906
2000-09-13,5.93959990080308,-29.041164831751665,5.177916652146694,-24.57762296278145
2000-09-14,6.384322374112796,-29.317712261086278,5.966903268004655,-24.75496261962155
2000-09-15,7.04672513067635,-31.502234315140498,5.451833037347328,-25.44580339124092
2000-09-16,6.43889475642173,-31.52479352222908,7.2624870526468435,-24.873584760068233
2000-09-17,6.929069947982738,-31.10096974849713,7.07313653590119,-24.299393493616492
2000-09-18,5.643078402244983,-29.629534049839588,6.341876582702578,-26.305006481949466
2000-09-19,5.434577961053692,-29.610574641009897,6.561562771322189,-24.930489263442034
2000-09-20,4.919313843904728,-33.60573749457206,7.256584099780881,-26.29392996446632
2000-09-21,5.154415260398486,-32.70124519556739,8.422134600418989,-28.311646140925887
2000-09-22,4.846567113874802,-31.57986873075724,7.061039790369359,-29.443927392621454
2000-09-23,6.290936717120167,-31.48005758564497,8.09670629337288,-28.954379811696462
2000-09-24,6.518664685969397,-31.74980327061722,9.242532765288775,-28.871950066820634
2000-09-25,6.044479840843784,-31.545583662214895,10.443278838117568,-28.325080783939484
2000-09-26,6.7627636865758145,-31.36731677718887,11.286772467774828,-27.425526370858883
2000-09-27,5.790610107476822,-32.20083432446025,11.506686943156069,-28.277342749130526
2000-09-28,5.704133259640163,-32.156748553943686,11.147540600646463,-29.39077992966695
2000-09-29,5.126462731618267,-31.11891324148163,10.907982171115476,-29.252088832023002
2000-09-30,6.7112584425777255,-33.23410072190217,9.472653168726259,-29.247698616162392
2000-10-01,6.827968499383878,-34.067865684823396,10.804262083949075,-29.5686299235535
2000-10-02,6.730747803138277,-34.381880790246896,9.384311915558785,-28.206543277351038
2000-10-03,6.537632009939759,-34.53621151237254,7.831704955117456,-28.280353166765096
2000-10-04,7.104578131611756,-34.06757030304982,8.988347952730761,-27.32915036502428
2000-10-05,6.226194027540427,-33.79623172066715,9.228622070149337,-25.794027712925942
2000-10-06,6.449663953175435,-34.012509534680234,11.015730670201853,-25.89569415387956
2000-10-07,6.972321556443995,-33.85627698253934,9.355573470688501,-26.303943834330365
2000-10-08,7.018560255253723,-32.15426269358622,7.240087744147568,-27.385865496936244
2000-10-09,8.64771073883347,-32.268499413867914,7.165907001231256,-27.015337081734945
2000-10-10,7.698390756321928,-33.202606172775745,6.284685724291654,-27.874676616327136
2000-10-11,10.754321172005685,-33.98444640678118,6.427591852446038,-28.02872983310134
2000-10-12,11.777308192939337,-31.986191389549234,6.767554096445414,-27.909547966536646
2000-10-13,11.649636607071036,-31.558563424466172,6.334291155161486,-29.426748379687627
2000-10-14,12.314341383701342,-31.675917740045993,7.006353917854852,-29.50733226082644
2000-10-15,12.69424327966309,-30.897210950686386,6.2647485914088925,-29.80957890914961
2000-10-16,12.797614628990036,-32.98700792384479,5.9544250118551805,-30.320635941354915
2000-10-17,12.15916455561435,-33.446573133465826,6.618867991979777,-31.942785823355592
2000-10-18,12.056480803377472,-35.171316210229456,5.112297474530425,-32.60850418240096
2000-10-19,11.713548802075623,-35.99676841423535,6.228391817434761,-33.14330211715164
2000-10-20,12.580840488247485,-35.064304452400634,5.536478813534071,-33.74912824985838
2000-10-21,12.076093783811304,-36.129481833188485,5.661600080104713,-33.904507602493794
2000-10-22,12.277567992322835,-38.03924472504237,6.117134273008508,-35.28239110867861
2000-10-23,12.223698197937477,-37.779629556918245,6.682081688486103,-34.52408352908523
2000-10-24,13.003022414105741,-39.10227133782213,7.877911598675933,-34.130733525681315
2000-10-25,11.380225440126914,-39.65048377649497,7.234445113774889,-34.69313006498516
2000-10-26,11.933381523057417,-37.803429475869564,7.878223442870567,-34.771222490538925
2000-10-27,12.063216275061805,-37.10388752297262,8.260807178649483,-33.4447287380432
2000-10-28,11.353583407482223,-36.96415859445137,8.670472746832694,-33.607764631733936
2000-10-29,10.43752137734098,-35.49435082273573,9.007371294478284,-33.709749920093614
2000-10-30,10.319942238406298,-36.293744760802625,8.881820084077946,-34.57799170373119
2000-10-31,8.142055791103818,-36.26402875449647,8.158640497042336,-34.05072303167589
2000-11-01,10.812397167819054,-37.7432555892582,5.823377466377117,-34.15271560742801
2000-11-02,11.24622433949163,-37.761643520749715,8.014520387010837,-31.883339943494054
2000-11-03,10.857224533388996,-36.06690546348895,8.145785240797276,-32.12470115614917
2000-11-04,11.656177024525613,-34.31900001025831,7.278199081650848,-32.19100286528146
2000-11-05,9.348146134348925,-34.17134601374491,9.732734881547941,-32.935019495017954
2000-11-06,8.655590357547633,-33.253741333798054,8.892331449417647,-33.80189442769329
2000-11-07,7.9536494991887645,-34.88023408089414,10.940304300886982,-34.77974226180952
2000-11-08,6.813044025295486,-36.92327740547279,10.27532924571645,-34.38606341217821
2000-11-09,6.790999978236387,-34.65538712467096,9.070896568372795,-36.03205653370027
2000-11-10,5.860393903043452,-35.7132926617294,10.402099071585573,-36.384549142971686
2000-11-11,6.151768082086779,-37.20441036280176,10.834023562839045,-36.731597361670985
2000-11-12,6.573242055643382,-36.23703857327705,10.862211035400097,-38.00331084141141
2000-11-13,7.40998823542403,-36.74458574100468,10.783616291485624,-37.482293288943744
2000-11-14,7.488710240129757,-36.04472546500276,10.322633718899569,-38.93119720097565
2000-11-15,7.103112647332959,-37.45176160729415,11.829749589378707,-36.67227503058959
2000-11-16,7.140318293031272,-36.907022449993484,12.063268927341191,-35.801164137345516
2000-11-17,6.653922195366882,-38.460379119408636,12.128957268424793,-33.783285683313736
2000-11-18,6.750155945775213,-37.71567442828144,9.502174447887235,-33.79158265113589
2000-11-19,7.325639512560133,-38.78569893330238,11.145493781192338,-32.939126197774726
2000-11-20,7.0110296146556355,-35.95281747173197,10.631856438033083,-33.15405675499996
2000-11-21,5.8645842143843705,-36.2871097461627,10.44582703971269,-33.22832717089926
2000-11-22,6.740918732295069,-37.382783817395165,11.601617596238942,-34.04527772402104
2000-11-23,6.172635823181669,-36.950354664331066,11.10224588518834,-32.54970804716117
2000-11-24,7.030107697823695,-38.25963392347215,11.323842121082604,-33.55476391333325
2000-11-25,6.997063363369025,-39.98685993042334,10.864369837740183,-33.88655960523706
2000-11-26,8.142044411339446,-38.884978481230945,12.413689495382952,-35.9417344300357
2000-11-27,7.958941565205751,-39.22882522633118,14.404608284797014,-34.42310203413438
2000-11-28,7.011874990546646,-38.58027852648245,15.345636448221871,-36.360998415584184
2000-11-29,6.559178545412741,-38.99863603790598,17.73338924658607,-36.02010338944615
2000-11-30,5.364792295159781,-37.229986835849346,16.695103922142046,-36.585912527570684
2000-12-01,4.811072574197941,-38.04081851365369,17.62070139268105,-37.00071631823061
2000-12-02,6.094152517297874,-38.01968109056643,17.609519019463676,-37.794027388297344
2000-12-03,6.042040863135414,-36.71034534370839,18.219723312635548,-34.50124062057294
2000-12-04,4.51041234648112,-38.115766352576124,18.987955021762417,-34.466405767254074
2000-12-05,3.5843876044614733,-36.770073066000165,20.230926652467428,-34.106093459003844
2000-12-06,2.0157459077236792,-35.488174529742686,21.268442483792406,-35.657485378598615
2000-12-07,1.8743525073829614,-36.24998220861088,21.581696702838986,-35.93270079962908
2000-12-08,2.564562046461816,-35.312862395049585,21.711626716944465,-36.39127747300953
2000-12-09,2.342114761186635,-35.76376432715752,20.466332848423505,-36.82933569473183
2000-12-10,2.969568995775822,-34.77560883570267,18.011721099740456,-37.33592514217399
2000-12-11,3.59708655692363,-33.43000421412797,16.09518238435667,-37.9587257625209
2000-12-12,4.532057406595431,-33.27532795328892,15.903629805203233,-37.80642685153572
2000-12-13,5.544991925980728,-33.197580219625294,15.231636680672286,-38.505885924149446
2000-12-14,4.7430732268760245,-32.44754574747987,15.412626961923996,-39.28745308330803
2000-12-15,2.7933688242783528,-33.26193459546939,13.43748961431409,-39.01822553467231
2000-12-16,2.248492265272181,-33.59160782032281,13.810602018628675,-39.44844066594365
2000-12-17,1.6766647426606998,-34.148497046135255,12.206634436256808,-39.436621470939166
2000-12-18,0.5846772357282428,-34.0386786744882,12.34815827185728,-40.389799331151046
2000-12-19,-0.23776294041738644,-33.71776964933727,14.614472078220812,-40.54557950087504
2000-12-20,1.0216748248219727,-32.09660664516181,13.909405170423526,-40.374377606645375
2000-12-21,0.789035767085354,-33.65345840731852,12.113772589522041,-40.316966860314444
2000-12-22,1.1210383582875412,-34.150216994784415,14.061152740143855,-40.666358585815864
2000-12-23,-0.6679484910735447,-34.219787730928985,13.597364219671533,-41.59379324242198
2000-12-24,-2.5614132079024645,-34.36777501516003,14.34287335831757,-41.21071586501304
2000-12-25,-2.312013625938899,-34.982548131450436,15.631426160700634,-40.14952873803937
2000-12-26,-1.825414046190347,-33.04811768286266,14.73985721742508,-39.96004663222474
2000-12-27,-2.9238980582636493,-32.76242285517431,13.20267571264722,-40.12467633837794
2000-12-28,-3.877077013074463,-34.970323800689435,14.939702761926675,-39.89008574151882
2000-12-29,-3.981144647262456,-36.687028608111966,14.93430117938952,-40.76668227599802
2000-12-30,-4.12112346878308,-35.79743338061617,13.948925221082337,-41.56621300700973
2000-12-31,-2.932322732510996,-34.54174542014472,14.193998276284143,-41.25044994265983
2001-01-01,-3.7693865386376144,-34.26758964042413,12.356741110366379,-42.123517167697614
2001-01-02,-2.8032168223832232,-33.10078695467848,11.739054712932056,-40.54000945306552
2001-01-03,-4.365559932161466,-34.422835323682904,11.347784745617918,-42.12773059912289
2001-01-04,-4.20412947820913,-33.36601858423523,12.660811743456293,-42.3016479776768
2001-01-05,-4.792921163323668,-33.409921104671625,13.169715521239729,-41.68523531047277
2001-01-06,-4.5753521674289015,-32.328097128047474,14.086739508701386,-39.58477142039319
2001-01-07,-5.591540587862399,-32.08505319336848,13.7586192903307,-39.49800587033808
2001-01-08,-5.861928313643007,-31.104229868866156,14.215756378946471,-40.19415629991561
2001-01-09,-5.9455421157180055,-31.70328570338742,14.039241603749439,-41.60107614383867
2001-01-10,-6.278139014118895,-31.20326698024171,10.662856069398748,-40.60337305345262
2001-01-11,-5.741028919694569,-30.8288169254718,11.29806611916129,-39.532130204637575
2001-01-12,-4.542359954141036,-31.538453307867176,10.858040898244925,-39.298413591113075
2001-01-13,-4.334146309203288,-33.252721661775084,11.761979217043443,-40.18673830379866
2001-01-14,-5.332027645137534,-34.39478198497052,12.418890803909463,-41.514309120386024
2001-01-15,-5.835746280572229,-34.9393585952106,12.240819379276642,-41.55823887618365
2001-01-16,-7.0014932229793985,-35.16886167022597,12.229648550419647,-42.01844730857881
2001-01-17,-6.654270439390349,-35.81007208345049,13.101665922242574,-41.1759361410104
2001-01-18,-8.020378951049853,-35.83381586896004,12.264937737052245,-40.70091899686484
2001-01-19,-9.329587248173807,-35.910438271011664,12.681344415349555,-39.54860839571232
2001-01-20,-10.45506810508134,-36.18226071884941,11.254935963594217,-38.376295912734115
2001-01-21,-8.137137003695411,-36.95849790031015,11.830149616187473,-39.19640551372602
2001-01-22,-7.4489489379657625,-37.63288410387967,14.365728839959502,-39.64509187359528
2001-01-23,-7.9649833906857195,-38.77825521190362,15.131302489848876,-39.300183772029115
2001-01-24,-8.530735320191681,-40.07511206402483,15.468651547660881,-40.04175173425494
2001-01-25,-9.05296143839812,-39.79063592425729,15.728196400791246,-39.62130611538051
2001-01-26,-9.962801340205605,-39.83442164503614,16.651585314309035,-39.112516488062276
2001-01-27,-8.5521785533342,-39.00153991128125,16.05878934062794,-38.20175024972279
2001-01-28,-8.189354599054024,-38.200664839743894,15.67088285382667,-35.71063199863541
2001-01-29,-7.117210410038771,-38.37565694840508,16.038857659249175,-33.6751126234182
2001-01-30,-6.455610945265687,-39.38768131114102,15.533924771342503,-33.89525813445664
2001-01-31,-5.570022401638688,-38.010824349585626,16.990847601005775,-33.56750049134191
2001-02-01,-5.234696105291336,-37.18492898075238,16.86147145182425,-34.52911344076528
2001-02-02,-5.392489901625294,-37.58612306193835,17.918269883130055,-36.23474586868815
2001-02-03,-4.574963550549349,-37.847609552175676,17.113147395481462,-37.284660619667996
2001-02-04,-3.5666577609053407,-36.274922320069784,17.031504054143507,-36.225333345416104
2001-02-05,-3.0427165532239693,-35.531782946329336,14.664069457980608,-37.462924185766575
2001-02-06,-3.344944124484861,-36.9597868387109,13.742756575383046,-37.68296527830663
2001-02-07,-4.604984182726369,-37.471724068338304,13.766635734548277,-37.46734091345468
2001-02-08,-3.6650738276454593,-37.95205203316104,12.401495516212277,-37.720084265814805
2001-02-09,-2.2589103577631073,-38.31781927250835,11.664034647014871,-38.935535686733196
2001-02-10,-2.6914457975700485,-38.375383233872384,12.18955276218688,-37.82738286761024
2001-02-11,-2.4152114879362427,-38.008944179503175,11.492982878167881,-37.65660758205855
2001-02-12,-4.414346579761045,-38.43860765719985,11.512548957727441,-38.17295749666969
2001-02-13,-3.5648019989997497,-37.419453791102136,11.26592784877486,-39.56087506683745
2001-02-14,-2.5010672076446827,-36.90814146596187,11.631921994054716,-39.406867094304836
2001-02-15,-1.876756717407282,-37.2713990804676,12.926153187613647,-41.48054050544558
2001-02-16,-2.215317657613005,-37.269185641532786,11.74832420057194,-41.399857704895304
2001-02-17,-1.4815129795864963,-36.27301093426679,11.815797234121774,-40.74635336660849
2001-02-18,-0.7474342609605151,-35.74783361531733,11.491302865212644,-39.97765931554694
2001-02-19,-0.9382538450313851,-34.35929133573489,10.456788856381669,-40.70257412278149
2001-02-20,-0.8242903860353384,-33.87602315279529,11.62857789706152,-41.85424289576305
2001-02-21,-1.5904456397171014,-35.31160850168088,11.786273937464228,-41.208670673815995
2001-02-22,-3.944474028459305,-36.437223310306884,11.44577407532865,-39.72501747052913
2001-02-23,-3.5348987693667935,-38.13757279473873,11.359810400706692,-39.69901237556884
2001-02-24,-4.045992077081654,-39.61674732322567,11.016145386989827,-40.608854370921364
2001-02-25,-4.593691923244229,-39.8083838901016,10.44016014418398,-40.03789363021284
2001-02-26,-4.625010125192226,-41.28989323521066,10.800371572323527,-39.832607019415
2001-02-27,-5.786388118072429,-40.39030667730965,13.00144192290304,-39.10315702192515
2001-02-28,-5.896083775448184,-40.23921634757871,12.77185569605848,-39.50203167874649
2001-03-01,-6.215403153701071,-38.39881715802552,10.405080070159997,-39.32590494975454
2001-03-02,-5.898425130368119,-38.98930682346856,9.866477875538646,-40.44449893498359
2001-03-03,-5.3378785110256715,-39.68569533230084,10.30973155355785,-41.096166026569456
2001-03-04,-4.781289692040145,-38.12547285957109,10.165109558732455,-39.49149176877429
2001-03-05,-3.287703900511536,-39.5850658725563,10.858097338575051,-41.02545693234261
2001-03-06,-4.059655563225229,-39.86296730392686,9.184428386458793,-42.7169051855912
2001-03-07,-3.944877778128595,-41.11895049900761,9.982437745649369,-41.8705059756993
2001-03-08,-4.387711766124909,-40.846158426519395,10.510966599149675,-40.114025225818466
2001-03-09,-4.056378946067519,-42.2254439473821,10.630013261971321,-39.03660092223923
2001-03-10,-5.333954180357869,-44.18813057606089,11.436018076170948,-39.90579525373203
2001-03-11,-4.674882205668215,-43.62697790136152,12.33529437978939,-40.27076174872638
2001-03-12,-4.22091517740436,-42.569351709247236,11.829940810763848,-40.070812508171045
2001-03-13,-5.925898928632849,-43.55847759532328,12.909524303768977,-38.856074120977645
2001-03-14,-4.489816200234027,-42.27796840609878,10.356531283433604,-38.238221842235916
2001-03-15,-4.985385304480958,-42.077985529237274,10.20962728688369,-36.57567903426789
2001-03-16,-4.8478654411742665,-43.59053086659819,10.278745189855547,-37.57151988696072
2001-03-17,-5.308717165826199,-44.64908186272495,11.0112654589192,-38.112250216666254
2001-03-18,-4.239572537769405,-45.20898753493815,10.94040960847868,-37.59344348897047
2001-03-19,-2.7212676144893204,-46.86462560302928,10.841556818631043,-38.00870317004021
2001-03-20,-3.015737795054164,-46.20660542183681,10.87098557633042,-36.18357077570666
2001-03-21,-3.2064506901886793,-48.23043255380141,12.439811950319603,-36.85427062714986
2001-03-22,-4.195849735015092,-47.25314075466758,13.320763314014352,-39.16314174874798
2001-03-23,-2.701423248440843,-46.58983958617411,13.194251381857237,-39.53761932853683
2001-03-24,-3.529783068707065,-44.867363407494224,14.592663609085745,-38.032326094791124
2001-03-25,-3.7446712224466743,-44.32654081783667,15.757316859282145,-36.765255072484614
2001-03-26,-3.539192137193368,-43.94028197965171,14.327916204916697,-36.98866444640323
2001-03-27,-4.810234331816146,-42.764319014103044,15.236387207597115,-38.279033593235944
2001-03-28,-4.397775433132373,-44.03596739531346,16.204017239223663,-37.282065033609975
2001-03-29,-5.521730085170146,-43.70700953707912,17.21709151807558,-37.2760017077302
2001-03-30,-7.91646685007373,-44.20119761869312,16.240064839946797,-35.04232594920221
2001-03-31,-7.476962142388637,-44.31384461731126,16.677414296818814,-35.374898030433656
2001-04-01,-7.677118348210892,-43.58250089876436,16.348889674121065,-36.35766514069911
2001-04-02,-6.979953599887488,-44.72558678311499,15.687900202016728,-36.89040952368085
2001-04-03,-8.532513781356121,-45.24910677807847,15.087414654449645,-36.44916544950816
2001-04-04,-7.798862888150982,-45.7405493743711,14.894134299673304,-37.31906746209836
2001-04-05,-9.315691136153355,-44.42245580863126,15.64596991546741,-38.07805622023501
2001-04-06,-9.217987795504785,-43.92847733518646,14.780187510285623,-36.32408423719371
2001-04-07,-9.597505179470645,-42.645600858171555,14.567187862811224,-34.985785046092
2001-04-08,-10.959513534456407,-41.16153545509775,15.276016769126203,-33.07423813432753
2001-04-09,-9.926979834389499,-40.504429937926545,15.116200385075947,-33.44528667822314
2001-04-10,-8.78229169633085,-40.94003133142667,15.501811169298461,-32.65566501971719
2001-04-11,-8.618228260966395,-42.37657530199837,16.110190511902417,-34.62477828315049
2001-04-12,-9.099981434529413,-42.64225930775339,15.302720057419627,-35.5792031721108
2001-04-13,-10.843160194773748,-43.67191516979235,14.56122955908033,-35.14385409370622
2001-04-14,-10.501769361018862,-44.02464268113085,15.732476683970289,-35.99540049295256
2001-04-15,-8.395978258128949,-44.55289340135394,14.804847453579278,-37.48652101514352
2001-04-16,-8.267862823875742,-45.16320563338568,16.428607190928087,-37.43093244451373
2001-04-17,-7.8898124682777135,-43.8605485695101,15.139338878437187,-37.29189835641662
2001-04-18,-9.086822324487775,-45.30106037300653,14.854597829835601,-37.47613540713911
2001-04-19,-7.795174513551764,-44.39105313773429,14.254671158069376,-37.2664591138186
2001-04-20,-8.535370859277537,-43.54747630652273,15.167245683821497,-37.69016290159049
2001-04-21,-9.401522702555473,-42.674279765683906,17.394096908777673,-37.83781379558421
2001-04-22,-8.385457033388732,-42.41849538841478,18.208649933641656,-38.403973551264734
2001-04-23,-7.881930452316641,-43.02505214504772,18.751625807282455,-38.75649168262971
2001-04-24,-6.7201230841008055,-43.301715914935365,18.678024006605792,-39.95700833207915
2001-04-25,-4.756461391495911,-43.041771202217745,17.882776480705875,-39.465186934874595
2001-04-26,-4.932438136366443,-41.98603615142837,18.420379313365306,-40.08770068359901
2001-04-27,-5.77757207518778,-44.94147179096557,17.20589023724411,-40.678064919422646
2001-04-28,-6.199811670235818,-45.75436592882481,17.41164108628414,-41.04829624105112
2001-04-29,-5.460731470716741,-45.86146179109889,19.18433680212846,-40.43592317345239
2001-04-30,-4.24145065390259,-45.73251316107318,18.55681993376003,-41.30557548013023
2001-05-01,-4.146168802695334,-46.72759292120406,16.315025630169696,-41.785477472546916
2001-05-02,-4.2328670152515135,-47.148227898736266,15.83227287689316,-43.18138425711848
2001-05-03,-5.114742204799139,-46.083029238272864,16.36205325035658,-44.38782780218954
2001-05-04,-4.415165201638062,-47.704299148526474,18.066005208900368,-43.63478265369426
2001-05-05,-3.817990978798769,-50.26575009981224,18.262296218315438,-43.836682575104575
2001-05-06,-3.688424367458708,-49.99239147741099,17.822040673041347,-43.83357430558458
2001-05-07,-3.160357070761892,-50.75882865118227,17.045362334580275,-43.24313463263798
2001-05-08,-3.4748073944436775,-48.8163238233461,16.893148259514152,-42.133957259810124
2001-05-09,-2.3572861841601234,-48.67038135679797,14.558515678460724,-42.51906890413917
2001-05-10,-4.517774793361891,-48.842490645844634,16.067449193430967,-40.962433436342394
2001-05-11,-6.258941950710039,-48.45029509796054,16.50032336366443,-42.17043259961608
2001-05-12,-6.790637000641455,-48.080856585142925,15.573677005548014,-41.58151799534068
2001-05-13,-7.762252078469371,-49.917600290563534,15.559175006540908,-41.379255745723846
2001-05-14,-8.219813553792017,-50.96277438914054,15.314794114485586,-42.667644170547156
2001-05-15,-8.921172999773553,-50.8519389873785,16.735858995978713,-42.786258443822405
2001-05-16,-7.559408931006002,-51.19879333801427,16.142437524560265,-44.21501766383097
2001-05-17,-7.4509900430219655,-50.37064028473269,14.750130383160602,-43.99335943063931
2001-05-18,-7.7093837592119225,-49.377930688386606,15.165594119281508,-44.260050639709355
2001-05-19,-5.733295868831027,-50.081743203113064,16.36025616488692,-45.13981065509698
2001-05-20,-5.664202088372724,-50.77957107323069,17.9338307002876,-46.25789800793834
2001-05-21,-6.2478383805070346,-51.87748567741567,16.66242333008098,-45.48967872408951
2001-05-22,-5.2661735484220795,-53.226320885348315,16.877528482167623,-44.502113251396956
2001-05-23,-4.3374866000272965,-54.76027562264196,17.647456741659735,-44.78330370140557
2001-05-24,-5.296938897138983,-56.220840243012674,16.773198362119444,-43.725384518300274
2001-05-25,-7.346416044097423,-56.98336059603615,15.373005183530742,-45.10271960485449
2001-05-26,-6.448906276318299,-56.80676299411352,14.340793076528104,-43.25609219150971
2001-05-27,-7.090069494167794,-57.1678714486593,15.133430307795,-46.18675094432484
2001-05-28,-7.886355672170543,-56.280836835969204,15.17946848718279,-46.12989148366843
2001-05-29,-7.0491802895512095,-56.61862574656525,15.264557243096801,-44.63476988090658
2001-05-30,-6.525538180977527,-57.21007234770786,16.31740213146278,-45.50993448081991
2001-05-31,-5.796289985314823,-57.393582209402965,15.538555480674704,-45.80732700935515
2001-06-01,-5.969748398897165,-56.055511650648356,16.0960684741944,-45.19834376177447
2001-06-02,-5.876147083115581,-58.25053648403648,17.222031799353015,-45.41839341653618
2001-06-03,-5.805563815434303,-58.5011026509224,14.619630864377736,-46.16738821148179
2001-06-04,-5.018642939676115,-61.074253220301884,12.51026038570626,-45.99404443416656
2001-06-05,-2.205095459634381,-60.77916887093342,11.983298066445727,-47.890628584859755
2001-06-06,-0.2653374583003729,-60.042266573278695,11.979043714168164,-46.62400094683787
2001-06-07,0.6688420756785014,-59.032535520471214,11.006579225996862,-47.3437581337868
2001-06-08,1.3358714796282,-58.99356881558244,11.366680773675819,-46.99223839176541
2001-06-09,1.244802340454827,-58.47050030831662,10.878616791468218,-47.49973907883237
2001-06-10,0.5906413343394481,-58.862127129566616,10.455109570450889,-46.71489931961917
2001-06-11,0.8332869234786212,-60.36778707521983,10.381528619059779,-47.40858840740067
2001-06-12,-1.0897841843805205,-59.6989130772461,12.669837935349161,-47.221457382336915
2001-06-13,-1.3940501695737637,-59.642402912236854,12.206218634001798,-46.275632423927746
2001-06-14,-0.15007824147565496,-58.96413633324222,13.570918789141935,-45.612518735034655
2001-06-15,-1.8614124744616258,-59.66913009580569,12.223527541197772,-46.24022532508209
2001-06-16,0.16273360932926617,-58.739341194660405,13.792197971077695,-46.21372471242623
2001-06-17,0.5478835374033331,-60.60227195280288,12.64624911250975,-46.27865798501656
2001-06-18,0.5332862227470643,-61.323735662215896,13.472402156277328,-44.770887910895404
2001-06-19,0.43413935310590823,-62.45924687582597,13.339459322718717,-45.51242693585869
2001-06-20,0.4672632335810377,-63.73294261688844,12.430542901553293,-44.393963244671816
2001-06-21,-0.020055535162192772,-63.734193040303204,13.170554460487256,-45.34779488272429
2001-06-22,1.069201015930356,-64.11372723924411,13.456116902054594,-46.575834394470135
2001-06-23,1.2656408431431039,-65.4511341488018,13.409597594161582,-47.715831215468086
2001-06-24,1.333194840691215,-66.02986201523956,14.06662398095196,-48.907616969090796
2001-06-25,1.7068166337757364,-67.50782347575733,14.23525029777327,-49.51196650959273
2001-06-26,2.3658538845489314,-66.54304026590164,12.419163021337843,-50.56765973699793
2001-06-27,3.058390384118735,-66.34264712433384,12.525635066249196,-48.709066890540825
2001-06-28,3.5185762148801984,-68.68943567320818,13.07593618019131,-46.592359587915354
2001-06-29,3.2742195826632443,-70.04708279171219,14.373241709633547,-47.242835443875315
2001-06-30,3.622156591776856,-70.8778736319175,14.641618492940786,-46.93746300317578
2001-07-01,3.1504932838665543,-72.89080938495056,17.146228187746047,-46.698069947457874
2001-07-02,3.1249080902418633,-73.29577770806954,18.342624120322,-45.48987351990611
2001-07-03,2.4520524879751324,-73.07268926098801,16.71674701651945,-44.93496277691855
2001-07-04,3.0389883284320023,-73.10611540244888,17.59126627422661,-43.65662972553727
2001-07-05,2.907539121733021,-74.76081959086828,14.990143295602213,-43.890878533607975
2001-07-06,3.022787519669778,-74.88037817432969,15.493319227219404,-43.4675077979566
2001-07-07,1.6923664299236936,-74.56442712365984,16.139776451144368,-43.506434827033104
2001-07-08,2.9615717400493677,-75.57510091213773,15.287113162757294,-42.83271015478501
2001-07-09,3.4126661101413553,-75.95346175718635,17.73417983457367,-42.8693267943039
2001-07-10,3.6889279368967207,-76.77526688208926,18.226941203915665,-44.32371537933692
2001-07-11,3.28975073307984,-77.65651387226528,19.494603316319836,-42.272955641568856
2001-07-12,2.6457936681643774,-77.88316138328686,20.145978412611743,-44.124071051197305
2001-07-13,2.5180439679289837,-78.34207274933057,21.761940232628575,-43.0871985765818
2001-07-14,2.2777099688287468,-77.25357034417803,21.33314467403238,-42.42810294447885
2001-07-15,2.5220379596644715,-78.04834825871542,22.93029868389272,-44.544774584575414
2001-07-16,3.2400392102012905,-79.2720042665783,22.391625255218305,-45.70073389660707
2001-07-17,2.4931522518559204,-79.16219516590566,20.77667125672923,-45.445723345669194
2001-07-18,1.2569454862626175,-79.06729200005209,19.871566784165644,-45.29836200882529
2001-07-19,2.7447574786971094,-78.55113091347525,20.219910123685544,-43.865993342490185
2001-07-20,1.196910549989852,-79.40760866481496,20.06448245111342,-45.14591196071109
2001-07-21,3.8054908873464024,-78.35859668782516,20.076799221616632,-45.09454329572753
2001-07-22,2.599247392469965,-78.53888207114706,19.804726775718624,-44.454432040513815
2001-07-23,2.5417406738454758,-77.15710237660275,18.76672090140953,-41.962334858228544
2001-07-24,3.156723068769378,-76.7990733188387,19.01194319664051,-42.11006395171333
2001-07-25,3.067032283642631,-76.95531818967909,20.718699722233524,-40.709303891902366
2001-07-26,2.5460657016578874,-76.94339078836359,20.755955047674828,-39.06109251236632
2001-07-27,2.2356763716725108,-76.85019110235616,19.164827988480972,-39.24199916411222
2001-07-28,4.065212793862904,-78.51681901041421,20.154129764385445,-38.6300562593712
2001-07-29,5.309816990687473,-78.11384003383326,20.805683043065173,-40.0976196047121
2001-07-30,5.043187360613095,-77.0992564068201,21.072024253947202,-39.48937777420863
2001-07-31,5.471542471869063,-76.91856223361184,20.85229520317555,-39.456605587058235
2001-08-01,4.73508784967349,-75.77371322263988,22.382834018182685,-40.71979478209817
2001-08-02,4.01138989037795,-78.42986591564875,22.85443076757659,-42.15965185964926
2001-08-03,5.1445455265574935,-77.75326813201283,23.303492339113443,-41.583206924499706
2001-08-04,4.262067500239804,-77.91603247482384,23.56414283234823,-39.104856616513025
2001-08-05,3.5130488322102056,-77.62799015379554,25.64178949907007,-38.29754004129339
2001-08-06,4.846670346002513,-79.0649474242786,24.82224138742536,-37.56578302228185
2001-08-07,2.7120013860521013,-79.90395845658972,24.92670906435332,-38.29395602771763
2001-08-08,1.332264633266061,-79.44551948159797,26.285674030087517,-38.021531230678164
2001-08-09,2.2753882832917505,-78.41689454057592,25.26279144356228,-39.27994743317643
2001-08-10,1.5458815445528027,-77.22520412028538,24.904426448098725,-39.74836234026434
2001-08-11,0.9027367613487393,-78.37723898414438,24.616294233045654,-38.56844146605634
2001-08-12,1.1415318148455127,-78.83175855716094,24.074357277297317,-38.79422239737944
2001-08-13,0.5471117325754726,-78.23285514858128,22.490349629794753,-38.70140750338149
2001-08-14,-0.11133105819372957,-80.28519069473013,23.13955617919868,-37.92426243612676
2001-08-15,0.11364648843549766,-80.62430475909974,23.09516314827739,-38.736849091549914
2001-08-16,0.41132184540945116,-80.55137709154079,24.174569156461754,-40.10437162110874
2001-08-17,-1.333287696594096,-81.75022898850703,24.466921839029922,-37.93964340487039
2001-08-18,-1.2959604551755417,-81.25115242623069,24.119476850851996,-38.564785139650574
2001-08-19,-1.3898269605360953,-82.44783926243682,25.503723061236723,-37.793899313204854
2001-08-20,-1.728435420565917,-83.73345923000942,24.87894279458664,-37.90724826831868
2001-08-21,-1.6451779328105947,-84.24451440252044,25.330274915724104,-37.653393954066566
2001-08-22,-2.954907143135329,-82.7117634451085,24.76787945751804,-39.00115777770226
2001-08-23,-3.57926120048384,-81.98213467811445,25.31647874265931,-38.43271168516272
2001-08-24,-4.861275432503046,-81.69435788830589,24.942162305180098,-38.42407554164549
2001-08-25,-3.8814332250912265,-81.59829734836084,24.296154318340214,-37.470415062097196
2001-08-26,-4.0269229021269455,-81.22006898012006,24.517061386986324,-37.848295997788256
2001-08-27,-1.9027069328452093,-80.94118138125164,24.45602797194699,-38.55163714426932
2001-08-28,-2.8803192695447892,-79.66103977591058,23.01566773121771,-38.0336613890794
2001-08-29,-1.6531224658362147,-78.97105502924408,22.898821353890533,-38.763323513892566
2001-08-30,-3.6374991312029206,-80.09354922984433,21.686993257585097,-37.35871313182048
2001-08-31,-3.025954956606813,-79.63309797162053,21.308821772996218,-36.127584548898604
2001-09-01,-2.605555912931692,-79.39386054736981,21.55207176596322,-34.95624170570216
2001-09-02,-2.089156712970313,-79.16982452161105,22.35443279166644,-36.545842834934305
2001-09-03,-1.8535068439878786,-79.77129382778998,21.492437490077894,-36.464917999457846
2001-09-04,-2.4334106063414906,-79.71199160581321,23.231601608418462,-37.70699968476548
2001-09-05,-4.203252225328542,-77.40549614021172,23.237941211209343,-39.43097995341757
2001-09-06,-5.347300022561951,-76.60267834276026,22.051300406343046,-40.65141530959775
2001-09-07,-5.348827696473536,-75.99331602877005,20.971575597551674,-39.91450218595187
2001-09-08,-6.082599974559847,-75.35817311643505,21.55549328557971,-40.7183051929853
2001-09-09,-6.596721726322459,-75.9895981071432,21.720708178761207,-41.551908701765036
2001-09-10,-8.954759935672927,-75.03004144368887,20.991692626781983,-41.478500984872674
2001-09-11,-8.255178368217553,-74.0277667677374,19.843818607937116,-39.80635530893715
2001-09-12,-9.112039339130856,-74.48531590001139,21.785119969903203,-39.6655880324678
2001-09-13,-10.602502392196945,-75.70607810646801,23.138318564152836,-38.940593718117974
2001-09-14,-11.991339360368974,-74.83217019794938,23.587192470006116,-39.84992309875258
2001-09-15,-9.734743400329677,-76.41599226140939,21.949320614942053,-39.09573629838324
2001-09-16,-10.238404389380968,-76.3649798275861,23.609837246270633,-36.63310497606824
2001-09-17,-11.424192669999732,-77.57822405237272,23.26158493525963,-36.61105067901834
2001-09-18,-12.83178789353036,-77.54077485836392,24.115429858643143,-35.64003205338067
2001-09-19,-10.979639527730585,-77.60261324838984,22.833058987771427,-38.04694041203036
2001-09-20,-12.610651050074509,-76.87757585761992,22.950037483677523,-38.053778487376086
2001-09-21,-12.892045212427302,-76.84688391387434,23.95509511085762,-37.40458048864568
2001-09-22,-13.235742612741578,-76.26628752930122,23.475950062218836,-36.526242457624484
2001-09-23,-14.243012771613541,-76.68428754807015,23.138669365321974,-37.15173866806414
2001-09-24,-13.495902396898572,-75.10628349162836,21.69261750672323,-39.029172030751006
2001-09-25,-14.262255270220955,-74.02753386974267,21.169867636578864,-40.36720816095574
2001-09-26,-13.623125121699726,-76.50735498204138,21.32544835051788,-41.01729453657405
2001-09-27,-12.966393536668267,-75.70830435420581,21.138606316686545,-40.809421138558726
2001-09-28,-12.990867946176612,-72.50665457753865,20.422284643206567,-41.72785579329715
2001-09-29,-11.176707773765878,-72.33387913025848,19.42876150904489,-42.437036461971886
2001-09-30,-10.61926434623748,-73.99313659352491,19.475768645356755,-40.5943357234284
2001-10-01,-10.85886506780539,-75.89056556516857,19.957267892270075,-39.534804118472664
2001-10-02,-12.056165654559337,-76.98509858541522,21.20188377592882,-40.527192217431725
2001-10-03,-12.970584884471194,-74.97671479567065,22.69243430160086,-39.791129876427604
2001-10-04,-13.168106357513116,-75.28535937435731,24.007962626973796,-40.61879192145084
2001-10-05,-15.005625205503616,-73.71091132560827,23.53225793335926,-38.77083790420735
2001-10-06,-15.095805003151538,-73.97139419037154,24.070834169124716,-37.73904132140835
2001-10-07,-14.464874517301736,-75.43787471157616,23.9903469700198,-37.77169322472121
2001-10-08,-13.026265016855298,-77.10319309283538,25.35825784520512,-36.58821454770489
2001-10-09,-13.058957734720872,-78.58179681451743,26.463029597462537,-37.5560481734823
2001-10-10,-12.918254310319806,-77.68634942992834,27.137142208077048,-39.5338470156552
2001-10-11,-13.821803627437815,-77.55366792375062,26.771108543778592,-38.606678841827296
2001-10-12,-12.75289065844403,-76.69483554913455,26.721144073094823,-38.585261348837086
2001-10-13,-14.030547344822054,-75.57059732100402,25.905494442673803,-39.5651494377417
2001-10-14,-14.310397451549562,-75.91548741565092,25.559855788641894,-39.033530477982
2001-10-15,-14.523012434972072,-75.81725836023655,26.667020800653468,-37.40924336477468
2001-10-16,-15.452361380442412,-76.78516896446698,25.168460126900474,-37.86394649845841
2001-10-17,-15.587741042700564,-74.06057339517534,24.68700331773377,-36.60878397081849
2001-10-18,-16.537542589874533,-73.1611508446076,24.873291285494602,-35.125339808118454
2001-10-19,-16.379292714183418,-72.58155010029495,22.793498963354956,-36.25444926374079
2001-10-20,-18.125228731824887,-73.36237058452787,22.886873770390018,-35.2866708653148
2001-10-21,-18.208405400628905,-72.25733538898241,21.769034322915502,-36.72371549096018
2001-10-22,-20.274324657890077,-73.43718409588878,22.298978390928156,-35.09025159683044
2001-10-23,-19.11926381699973,-73.14709262855222,22.911368853448007,-33.76995098648743
2001-10-24,-19.60459152414944,-73.23074410201937,23.32899854281139,-32.65105190148027
2001-10-25,-19.496275461312898,-72.39205362685145,23.753650349879678,-33.58977186760722
2001-10-26,-17.996757869278024,-72.03541972086963,23.144871437690632,-32.83682150950917
2001-10-27,-17.94303993942363,-71.46557120233886,20.766602463784388,-32.08761986395086
2001-10-28,-16.954282654798007,-71.59937530486519,20.49997635714654,-32.34397401474704
2001-10-29,-14.802090095086678,-70.84386098520396,22.111866205858654,-32.79121827621418
2001-10-30,-13.969919476208265,-71.3633987772434,23.02941504160902,-32.981774369591164
2001-10-31,-14.147860825778796,-73.18187345240287,21.91346740808918,-32.47891731047281
2001-11-01,-14.55900907317041,-72.58323446179259,22.762929311145125,-33.09734937752627
2001-11-02,-13.164293807244828,-71.71453371108566,22.167988757987985,-31.472395502139353
2001-11-03,-13.532615836876468,-70.62706799587484,22.321487378685035,-32.25199790642804
2001-11-04,-12.361739922260991,-72.01704960395769,22.073298147963047,-32.66765525985337
2001-11-05,-11.693771904129427,-71.03236963360142,22.27367412503775,-32.8728112766814
2001-11-06,-10.293674735415802,-70.92022994384949,21.956920026383784,-33.33273399776224
2001-11-07,-10.286142923757133,-70.25331987567515,24.342465084729852,-33.82103754465267
2001-11-08,-10.309272385383085,-70.03720451989447,26.044495521581922,-33.12693793949056
2001-11-09,-8.547747618547247,-67.98207394083792,26.952791757954163,-31.71958233540736
2001-11-10,-7.508960023042493,-68.6351078381707,26.674109605942313,-31.90021003884083
2001-11-11,-8.054739973721894,-66.77783302159848,26.468828201644072,-32.09239752192534
2001-11-12,-8.747243253678292,-66.72494792657069,26.303646482700838,-32.51873121342888
2001-11-13,-10.789983959742809,-67.04359513686227,25.656427378048317,-33.215483499801515
2001-11-14,-9.437632238841772,-65.50231044979098,24.90631751977235,-33.07486819339367
2001-11-15,-9.090370167500692,-64.8257429903388,25.385337993831033,-32.581587629431
2001-11-16,-9.281860321673959,-66.80422161959669,24.515205811866466,-33.14756187348409
2001-11-17,-11.344977101500973,-67.64814738271708,23.169520525396933,-31.49754632786329
2001-11-18,-10.730458089706502,-66.49141580895349,25.247507757436367,-30.623972240048825
2001-11-19,-10.042332337448954,-68.22791496702769,26.3231933400183,-31.91275401915898
2001-11-20,-9.054900850590016,-68.82323952168967,25.32448659476064,-31.337274413521296
2001-11-21,-7.735825814777566,-67.6929568097346,25.87445058676393,-32.51850393255181
2001-11-22,-7.164399180891698,-65.7457266170847,27.455936889291326,-34.60659611254551
2001-11-23,-5.656470156819458,-65.6422941499832,27.62102146926299,-35.37468006518833
2001-11-24,-7.046063570883075,-66.04293543695485,28.048297966960085,-34.134005578020165
2001-11-25,-6.959652463210259,-65.76999613283942,27.321822167949,-32.906910737522054
2001-11-26,-8.675397341191282,-67.13042542883773,28.657665646738252,-33.33911687325135
2001-11-27,-7.370455609825991,-65.94249446899396,29.834856236716114,-33.66007850317321
2001-11-28,-8.229824801268602,-65.98392371198928,29.055797355735834,-33.56928053432113
2001-11-29,-8.566989711717314,-63.90040784600832,28.474256402801704,-33.5366519826924
2001-11-30,-7.601414901264047,-65.37792748541989,28.524227050547694,-33.97915913216666
2001-12-01,-8.353666728379649,-67.23389448202502,29.181363593764576,-34.48172266162192
2001-12-02,-8.282536889170062,-67.02801053988819,27.843760598269,-33.17628233820461
2001-12-03,-8.452222491132748,-67.106980115133,28.029055570252535,-33.555528317864535
2001-12-04,-8.48941408164337,-67.52081121214817,29.16336787850972,-30.85006293561232
2001-12-05,-7.3648133491952805,-66.58547495319505,28.876135149812985,-31.31733015965966
2001-12-06,-6.659221844936283,-66.26744686529516,27.50760279045431,-29.569669653223926
2001-12-07,-5.90599843114419,-66.10978162107031,28.25160968459913,-30.507441665579975
2001-12-08,-6.394022805150556,-65.28169239475443,28.214787479885505,-30.750041052056723
2001-12-09,-5.827441088366529,-66.32310460630138,27.71085386167423,-30.586882608069597
2001-12-10,-4.9075520597952025,-66.56386365537695,28.08442663392393,-32.00331079954977
2001-12-11,-4.40612346597884,-66.46663465511017,28.54578347129859,-29.11276355335787
2001-12-12,-4.8946013383361935,-65.61951631788139,27.262821341514833,-28.340245263261846
2001-12-13,-3.8622957435062872,-65.4522351235722,26.30975521695006,-28.858548332693356
2001-12-14,-4.303043467259774,-62.77565120585984,24.58750795282574,-29.19424602238087
2001-12-15,-5.366588263182905,-62.595090450263854,24.38960295550613,-28.816122396958136
2001-12-16,-4.6834811143398305,-60.632540978177246,25.39351159203856,-29.278649032283944
2001-12-17,-3.97525192810677,-60.73546295342846,26.42595724651131,-30.353924489892275
2001-12-18,-2.424352638654456,-60.64499752010206,27.455751048490068,-30.73877377375949
2001-12-19,-3.028031442397345,-61.39171134701349,26.152310009343044,-30.956983216973946
2001-12-20,-2.823834441101844,-61.05540189302672,26.038032314139397,-31.09368481882127
2001-12-21,-2.9739187119837425,-60.29110306158816,25.911336604171915,-28.749036677245627
2001-12-22,-3.515798991493991,-60.88689988150069,26.00391758431139,-28.175070094006834
2001-12-23,-2.4163086557436744,-61.70594759341818,24.571884390686712,-26.871625584210662
2001-12-24,-1.4747527161501215,-63.0351892409765,23.546191166776,-27.4822848528518
2001-12-25,-0.48973308387351466,-63.87570961165799,23.53612718122184,-27.400802502638832
2001-12-26,0.6486275984291571,-63.56793799966153,23.710551543006012,-26.829622679488697
2001-12-27,0.3907229636152968,-61.563178851188475,23.136314708233442,-27.97483307929666
2001-12-28,0.34153746717639866,-61.62706919646717,21.230780820796884,-27.351278600958427
2001-12-29,1.1307366857714107,-60.64719500154622,20.55168965187274,-26.76114868505917
2001-12-30,-0.2765565170879418,-61.801271546750066,19.484904243750854,-28.164937912236574
2001-12-31,0.5876077400724117,-63.20106031515875,19.354733999553613,-29.957397376144872
2002-01-01,0.6048104422056417,-64.15899113865191,20.322011960355976,-30.94516825469639
2002-01-02,0.02125115521917942,-64.11518608213686,20.834115340501487,-32.29173310005692
2002-01-03,-0.5151378813545097,-61.861246430177644,20.10804119915486,-31.396175620516768
2002-01-04,-0.8493241270060337,-62.744412089890716,20.92308572496207,-30.712573337087086
2002-01-05,-0.9304675535352783,-61.941956873426776,21.090028200806877,-31.20426533562274
2002-01-06,-0.4874957181888394,-60.634043120169544,22.674158098513487,-32.83543789557791
2002-01-07,-0.8176217258066995,-60.24722225841703,23.13264786179755,-33.66038397221436
2002-01-08,-1.386094677370218,-60.71052902048554,22.421216673395097,-34.89695727686465
2002-01-09,-1.6820918499796167,-60.98926561368061,22.61644580499538,-36.871899650202124
2002-01-10,0.6926528097875417,-60.045306911109066,22.916964570165817,-35.948901578591546
2002-01-11,3.7533697949826026,-58.85645019829723,22.097617697664617,-36.69418422682572
2002-01-12,3.6566269872703905,-57.03216294598327,20.902161710968674,-36.32576942771382
2002-01-13,3.8110330543398603,-56.636091274308264,22.343282893871343,-36.51831901456682
2002-01-14,4.606878808261025,-56.597045428643696,23.707896303603963,-36.21925305641998
2002-01-15,3.6710059312562318,-54.98284904005425,22.45167854521699,-36.64493321187604
2002-01-16,0.837270290321948,-55.39165937370196,22.773181830564926,-37.98154656762214
2002-01-17,0.7998689135401189,-56.37794213376531,23.706069773355427,-37.10582839265179
2002-01-18,0.35103188730153445,-56.0038669659693,22.496477032148796,-35.459978430894346
2002-01-19,0.6812249604561249,-56.17549580797181,22.948118245881826,-37.07612038340324
2002-01-20,1.6101799875503575,-54.40190951968439,22.463456717798252,-37.26094845473095
2002-01-21,1.5129571182667008,-56.461146916703875,22.368665854513285,-37.7889199430685
2002-01-22,0.3426308799665396,-57.36765415686608,21.467552764438288,-40.89936477947544
2002-01-23,-0.5026039711916985,-57.911841089624005,19.835251049030436,-41.058136869145116
2002-01-24,-0.3936185088082636,-57.192612526448144,19.839566279160874,-41.21913315697682
2002-01-25,0.024465036246833383,-57.04952807417435,19.94445327972994,-41.18629096189335
2002-01-26,1.3558314883965221,-57.607036606198236,20.449225008679125,-41.683380079960486
2002-01-27,1.5494921800213595,-57.5030024083167,20.941088579749984,-40.58565691826221
2002-01-28,1.3937578694433468,-56.484206335028965,19.451105271352926,-40.749218042289215
2002-01-29,2.4065185878646536,-54.480760007934485,19.796944769236333,-42.57111867340265
2002-01-30,3.6990824962850315,-54.77535384284381,18.080466525977286,-43.02316401409211
2002-01-31,5.684913997050353,-56.26651363317899,15.358866582051228,-43.98756366188026
2002-02-01,5.427132534471409,-55.976270000957555,15.459825021304056,-43.76001428878853
2002-02-02,5.450906579132006,-53.760408584115034,15.493984799060883,-43.77827351637309
2002-02-03,5.253974672217639,-53.33464937481744,14.437826531677441,-43.68405153749448
2002-02-04,4.604417307326812,-53.927106385253914,16.54622809644233,-44.411383658383926
2002-02-05,4.599424126774607,-54.75486345915468,17.31025520311306,-44.92633727926412
2002-02-06,4.490877067080859,-55.03888257490168,17.472037049748813,-45.82016307903601
2002-02-07,3.3704526785281512,-55.89584750575338,18.21411242912118,-46.394659591771
2002-02-08,2.8423279835549486,-54.18176104290518,18.465033870315338,-46.750261714463136
2002-02-09,3.200152234515693,-52.7210738697225,18.618319907043567,-47.857265737425834
2002-02-10,2.177830452994625,-53.55158235707822,17.672581377170236,-47.920335191781874
2002-02-11,2.4657411098926043,-52.157748393536174,17.363802207166877,-48.23367808758266
2002-02-12,2.6339319391102873,-51.264349055565646,17.088974635703178,-47.381228319503656
2002-02-13,4.383958937161982,-50.41559338141722,17.6316044770279,-48.83015732916727
2002-02-14,4.372437396387232,-49.79724588089904,17.999970478341854,-47.93069361433782
2002-02-15,5.2015460447943065,-50.66050913899029,17.836113980472717,-48.326080438912065
2002-02-16,5.171567373169905,-48.949916290993166,18.904098432409207,-47.469027448488525
2002-02-17,5.590113710826529,-48.97442342495013,16.846620387299982,-46.89961458110645
2002-02-18,6.7891219993091845,-47.21028213805855,16.48857505455398,-43.77699708687197
2002-02-19,3.821922589842922,-46.69094419019503,17.400691556082116,-45.69030560834817
2002-02-20,5.006071968401679,-46.46203711617064,16.654445269278057,-45.54400414241379
2002-02-21,5.199873759257628,-47.911043089887926,16.917154972214615,-46.027503698979274
2002-02-22,6.369778326226315,-48.83306472494744,18.367767445275028,-44.86386716631117
2002-02-23,5.9758947443132655,-49.32493433907127,19.913064283822646,-45.80195549619388
2002-02-24,7.596758430366133,-49.09209338694488,20.740616149028106,-45.98592487616717
2002-02-25,5.4458990928810405,-48.88758928085792,20.882363849766794,-47.173578049076426
2002-02-26,4.501581532623709,-47.53131487478166,22.570367347412834,-48.645941314952
2002-02-27,5.263940885824275,-47.32262968508052,21.45253553093156,-50.09761628136972
2002-02-28,5.853024266181933,-47.84987962482723,22.004912831598485,-48.80949146725164
2002-03-01,3.9708151901459563,-46.959048647369656,22.958059430402404,-49.188641933660904
2002-03-02,3.5927454862284574,-46.84870588571292,21.694434704857315,-48.301001223976925
2002-03-03,2.5930013674896437,-46.229161257090944,22.727679751404015,-47.81829234409935
2002-03-04,1.2018488929098101,-46.81246979583261,23.324204740653165,-49.30324729685109
2002-03-05,2.534568281543285,-48.030772067699246,22.762597083468375,-49.33723755802842
2002-03-06,3.9119413988705904,-47.146633266592474,22.240294211045487,-47.799413366218644
2002-03-07,4.5145846953482645,-48.645214834647255,22.67453555763608,-48.70383619741586
2002-03-08,4.723684452970092,-48.70084195310976,22.93712373877338,-50.38151359875623
2002-03-09,4.775792961678994,-49.471173160712034,23.15861902668997,-51.64554465268696
2002-03-10,6.1859008361128485,-50.423425149739366,21.713046243187787,-52.53884075612234
2002-03-11,5.847063685795616,-50.75675312797006,20.732656574571994,-51.02487856074424
2002-03-12,6.854946382352166,-50.55344409841784,18.982243759283406,-50.96988293046264
2002-03-13,8.067989668593857,-49.486172128111875,17.235333188694334,-51.07948804928649
2002-03-14,8.75395572047764,-49.18422377158834,16.421849710229765,-51.15541516759684
2002-03-15,7.718639508194247,-48.838645009705196,16.03118187421561,-51.08179740207587
2002-03-16,8.268622045783086,-48.75656305050726,16.91279890148534,-50.65527719394901
2002-03-17,8.597065665812586,-48.70124060586508,17.99453760214906,-50.44347518295071
2002-03-18,9.297180494333567,-49.36110419492683,16.729187023650386,-50.1103530963343
2002-03-19,8.123843103401601,-48.38018501041769,18.54179330008692,-50.65450349351356
2002-03-20,7.934523341852285,-46.721995814441534,18.025567356258676,-50.746870328292054
2002-03-21,7.535687968545824,-47.17358638864301,16.601402314681994,-52.12536895356346
2002-03-22,6.193937605645821,-48.56475025393246,15.69031759329669,-51.04462570512798
2002-03-23,6.583055533038412,-48.93066190703171,15.679080272774748,-51.176313526750015
2002-03-24,7.76787162350867,-49.70706119907211,15.319729555758329,-52.28917795363901
2002-03-25,7.465029205901168,-50.5124337424235,15.52555223942194,-51.216158967608465
2002-03-26,7.918011519314083,-49.78412891381682,14.337311041960671,-50.9201197124241
2002-03-27,9.110018861030815,-50.41783969628415,15.291337868749105,-50.69459767779594
2002-03-28,7.0160886368345965,-51.33678091963066,13.791613573752581,-51.813015273540316
2002-03-29,5.695376417863599,-52.6772887163437,14.155914501337183,-50.104340106704065
2002-03-30,5.722679672736155,-51.80591561181212,13.401463174852465,-49.43993046801363
2002-03-31,5.310527576499437,-51.239717563857056,12.73801685141629,-49.6336995485674
2002-04-01,4.971561340022764,-51.339971677486375,13.8403229547416,-49.49585954274861
2002-04-02,5.888232205993563,-50.86940728029994,13.307193401316162,-50.270070633727286
2002-04-03,5.2602723851859565,-50.863162850716336,11.505767856388657,-51.17491066461767
2002-04-04,8.55727240378488,-49.672084866601665,11.842050379603714,-50.84392075590302
2002-04-05,10.549851818211163,-51.27138129963846,12.20827891052169,-52.141231343346654
2002-04-06,10.983061768924035,-51.591724154434694,12.83579803733446,-51.022402332085484
2002-04-07,10.644667689473502,-52.23213804278037,11.399641459840065,-50.92463715800568
2002-04-08,11.389304801799119,-51.19537532833057,11.363553921484295,-50.248645990153015
2002-04-09,10.742223546966558,-50.70879992358303,10.334120519600074,-49.15450536586555
2002-04-10,11.31934284389756,-49.72340704124204,9.679002101230045,-49.366090494994765
2002-04-11,10.157580890396815,-48.97889421828479,10.129508965577866,-48.418391520886665
2002-04-12,10.540599224490773,-49.068464298960244,8.563453107676365,-48.28551940445226
2002-04-13,12.415329997846964,-49.73940916913684,10.369418638908828,-46.29839395445581
2002-04-14,11.137986078546573,-48.4551653263005,9.12617258105626,-46.23973145240264
2002-04-15,10.470590772694848,-48.49510720210918,9.026182484797786,-45.29691197168621
2002-04-16,10.596346176732437,-47.7773879728035,10.916658539710625,-46.15393907911955
2002-04-17,9.213034992968996,-46.74637869456985,9.23649734600959,-47.489699501591275
2002-04-18,8.486154919333105,-44.834882898435346,9.017174136998035,-48.59386168233379
2002-04-19,8.913557185894382,-45.274721665384284,7.2511756171424775,-49.28042004645048
2002-04-20,8.301262814748892,-44.05104784400574,8.601867389469605,-50.88721598362121
2002-04-21,8.812863294280485,-45.30345747744235,8.08917498284025,-52.10442560028532
2002-04-22,8.771586273845124,-46.175331623703634,6.4761479946789064,-50.1951971391386
2002-04-23,8.682492672884763,-47.36264161969917,8.26796302333409,-50.02282900752462
2002-04-24,7.022552353914049,-48.25305525124408,9.98636610266365,-50.42832655217196
2002-04-25,8.298541585506806,-46.90724422443141,9.007772804322448,-51.77860083952401
2002-04-26,7.209825082770067,-46.18498507459293,5.593349455198769,-51.88331776456855
2002-04-27,9.29740815067747,-45.38182179110949,5.864230555681639,-52.89255405142128
2002-04-28,10.889797144043143,-46.801996049127624,6.573384697653403,-52.4121081076445
2002-04-29,10.078487126789677,-46.43380933425536,6.430633495037522,-51.1165617052445
2002-04-30,10.365525454572012,-47.328341004430214,6.48810497175373,-51.72562612060094
2002-05-01,9.978666401457776,-47.964938568284495,6.1375165944397265,-51.16579049926858
2002-05-02,9.951225169619743,-49.37647913537998,7.127191150149045,-51.515058187011746
2002-05-03,9.490974284301467,-48.04824699680806,7.031358111688462,-52.13924150485227
2002-05-04,9.092944778699952,-48.91883093384506,6.155228022925716,-51.66275794732201
2002-05-05,8.934868390460702,-48.601900069466446,6.852941162555173,-52.29814231952892
2002-05-06,9.730516902678344,-49.21232158012468,6.539843659577152,-52.14029253515655
2002-05-07,8.608769447109543,-48.59903115162961,6.8737568942954494,-53.748620715921696
2002-05-08,7.642161696211465,-47.909782410572895,8.206653534715745,-53.784306195642664
2002-05-09,7.341066592038137,-48.56303528060661,7.185892027364751,-52.37100426015688
2002-05-10,7.164930495596248,-48.09430869673164,6.527165972364223,-51.41387587459091
2002-05-11,7.83313242476864,-50.375871479585385,7.33022988163093,-51.625657768929926
2002-05-12,9.427272084658037,-50.13559387228397,5.775488969715687,-51.082328752604965
2002-05-13,9.493960455954504,-50.61844381721367,4.899926523741214,-50.44048885437459
2002-05-14,8.942821895460906,-50.63741665974635,4.419003592761843,-49.738214406353336
2002-05-15,9.086757511240553,-51.84082922566818,3.943931359686468,-50.97565845296368
2002-05-16,9.231741032501557,-50.721399353921385,4.0770578678600495,-51.778861235337494
2002-05-17,9.626681316090837,-50.64545701866751,3.9393589102720084,-53.155410000273186
2002-05-18,11.443106067069937,-49.32789307743127,3.233930923423638,-55.266134109985074
2002-05-19,12.613400692770673,-48.35755172365153,3.759324110848212,-55.970523771205755
2002-05-20,13.093413647985216,-48.52313505581719,4.027625150197416,-57.268219473733836
2002-05-21,13.198726167636307,-47.443279211791655,3.65133637458037,-58.01700304894831
2002-05-22,14.015526798626297,-47.65434771183162,2.974817098020986,-58.16831391212466
2002-05-23,13.87384605634306,-47.48085656081039,4.33786574465723,-57.86923502469661
2002-05-24,13.441976179960815,-48.477420381504395,5.1932551967790825,-58.30072806515177
2002-05-25,14.299720399477218,-48.42383739645031,4.531390749317567,-57.75006294183001
2002-05-26,15.471882248168464,-48.978425043884165,5.11009416480198,-57.8000407591909
2002-05-27,14.901079845787624,-50.192119346902736,3.6835836481835784,-56.529378982601486
2002-05-28,15.176629801066891,-48.777211770132574,3.679371646366442,-55.55140110851123
2002-05-29,17.1032118128987,-49.40872908730808,2.983599891172587,-58.247826221525415
2002-05-30,16.55110685776394,-48.70617428731484,3.4514146460922204,-57.02860792332371
2002-05-31,15.761001689152828,-48.05101858361593,3.787231425316067,-56.74490101350074
2002-06-01,14.896741228541794,-48.7222013239623,4.755600555504179,-55.32058616552276
2002-06-02,14.307600003200797,-49.61767365621989,3.9318478219337836,-56.725730619560494
2002-06-03,13.490770177242506,-48.99379272199375,3.8975263011388535,-56.72255544281438
2002-06-04,13.344524417889534,-49.29444763687628,5.138075291742246,-55.39677829372819
2002-06-05,10.469848279548277,-47.97435571811428,3.874445451494041,-57.64450709524451
2002-06-06,10.75177802919588,-47.208876168246235,3.1916547596951417,-60.065211258105755
2002-06-07,10.205279773050034,-46.40263691718542,4.472608425026317,-59.17366330794699
2002-06-08,10.745640113417904,-46.694533561440785,4.194542977448098,-59.357494750227914
2002-06-09,9.854369297864375,-45.233865757670834,6.050853520911277,-59.06016770632906
2002-06-10,11.333288705313844,-45.7664235888825,6.560577605514409,-58.343605841583155
2002-06-11,10.316655175575908,-47.154071652158,6.521078299947708,-59.428836277980785
2002-06-12,11.015825755115952,-46.17912501587023,5.619550011019426,-59.25860837682674
2002-06-13,10.638717949153083,-45.55873988597544,6.774290123703968,-58.04950494886167
2002-06-14,10.710793701259307,-44.74269018026519,4.549072700795083,-58.46396950176644
2002-06-15,10.830027742723955,-44.6972655438429,4.220594971381614,-57.64208535910083
2002-06-16,12.229974923807267,-43.28347864546966,4.213944335875766,-58.38861121904089
2002-06-17,9.960102871222805,-43.776607032149194,3.6421292555390696,-58.348180320356626
2002-06-18,8.031258503682036,-44.25280021109324,4.004054516297282,-59.48088581971876
2002-06-19,8.508277076729481,-44.35552071612958,3.9066053130102882,-59.82549131901613
2002-06-20,8.08950383831033,-44.782757927289644,4.202670051521829,-59.25695841861846
2002-06-21,7.233446211192261,-46.00486373667885,3.484912142960246,-58.899008426182384
2002-06-22,6.499617712370272,-45.68127465398076,4.414249111655418,-58.880911191157786
2002-06-23,8.232823684540751,-46.29814728015751,3.4639015968722786,-59.66072349763197
2002-06-24,7.616729867408009,-47.06307510249881,5.063771287856812,-60.06115596387176
2002-06-25,8.596669288844575,-48.05761345891704,2.860923948563372,-62.026018553561144
2002-06-26,9.158308537418844,-47.049485336187544,0.006340091852234941,-62.04680854611475
2002-06-27,9.535555176769524,-48.3054882569299,0.7449594505896903,-62.53082743648817
2002-06-28,9.934822373239424,-47.429004988764575,0.7381037606064997,-63.0034290863454
2002-06-29,8.738142616576463,-49.149799211779786,1.2056336174824596,-63.89974869903793
2002-06-30,8.724399641420462,-49.19652160943707,3.106544394171821,-61.92929059298435
2002-07-01,9.014806566875542,-48.38741782442665,1.7878149321324324,-61.48358987510235
2002-07-02,7.771250950767598,-46.38487253367883,2.264607438898153,-59.64394760012113
2002-07-03,8.455620631298197,-45.68010355959151,2.4240648404764644,-61.23681054445797
2002-07-04,8.59870991585321,-45.08953486075145,3.9381776749892845,-60.22672442840753
2002-07-05,7.843873408754772,-44.26382336736354,3.2621442166716474,-60.17777939630029
2002-07-06,8.63482926129921,-44.79099899298901,3.8475548397580983,-61.25914445830664
2002-07-07,7.72000141300812,-46.84763782810327,6.149755092517715,-60.900776206886604
2002-07-08,8.901237089536114,-47.57921713360356,3.24613501625142,-62.0769993247251
2002-07-09,9.49161983228349,-48.12624038400712,2.587362641089117,-63.188961935711276
2002-07-10,9.042513166232231,-48.559871349855165,2.372942935848807,-63.89234153578739
2002-07-11,7.916889747750171,-47.43208414419301,3.77948855890153,-62.47417187288871
2002-07-12,9.343155150057306,-47.40813191456169,2.6640213630804093,-64.30945259525079
2002-07-13,9.089348698093303,-47.62314795402949,3.3406098548230534,-63.31655961039909
2002-07-14,8.991852908988822,-49.8403502118392,3.243496416241409,-63.80004422213132
2002-07-15,8.925602166992507,-48.67362440730917,2.7520107141032226,-63.17444288558901
2002-07-16,9.637390367305303,-51.513488937495175,2.4400860587623097,-61.845871329996974
2002-07-17,10.24887844130532,-49.968080282033206,2.5569142000914504,-61.28108100108645
2002-07-18,10.649934454031259,-51.394259223416334,2.60159938765999,-60.399395205396154
2002-07-19,10.486612344995766,-50.09410143924351,3.2560474615633437,-57.69841631333529
2002-07-20,9.6065188089782,-50.727363274427944,3.8713898952936705,-57.90964807899079
2002-07-21,9.031846878101867,-50.29303631844027,2.875155471446684,-57.71099485936768
2002-07-22,9.970703486260481,-50.31926403135911,3.298846215049946,-56.87434931876685
2002-07-23,9.976172249355905,-50.34585933491939,2.2981825563027156,-56.54108437398994
2002-07-24,9.159535003665514,-48.58940610511237,4.461786231982787,-57.845239751203756
2002-07-25,9.649857785973131,-48.59309942286595,4.225570748430171,-57.78533840530759
2002-07-26,10.032935892780705,-48.320116775369776,4.051484534542467,-58.5419423401175
2002-07-27,10.464373746172518,-47.646502020028635,3.9479745859965303,-59.42597538948856
2002-07-28,9.996401634071967,-46.00862525001433,5.785145686799946,-59.861840669840284
2002-07-29,10.23730132957194,-45.85333183313841,4.151339714412503,-59.617577272275774
2002-07-30,9.560289806508072,-46.69208656141815,4.871286730958081,-59.88552924425098
2002-07-31,7.869021686027691,-46.708774301164574,5.363664440013284,-59.564977604732086
2002-08-01,6.1615016453194595,-47.3573080402708,4.451161887136443,-57.88104023720206
2002-08-02,5.717018127425532,-46.84736332497013,3.97370864478222,-58.16052222258413
2002-08-03,5.63415191910161,-47.30151223354682,2.8661442036650486,-57.45297479900851
2002-08-04,6.160116941451338,-48.24214785755804,2.7578550937637756,-56.32810707940175
2002-08-05,7.5549146389077055,-49.149930609911785,2.808309487657366,-56.6055199277772
2002-08-06,7.316938113668513,-49.7973459141873,3.7992644179155857,-56.58077413618003
2002-08-07,6.780359381390224,-50.5197664740963,3.7028241506879973,-56.490279101681445
2002-08-08,5.819118015805449,-50.29962534759662,4.378803984089395,-55.182351355982526
2002-08-09,5.954601740488246,-49.007016547030716,5.28138251823988,-56.91079068915254
2002-08-10,5.822582601895472,-48.284427989058614,6.092846692261916,-54.53514242464557
2002-08-11,7.6742470441928985,-47.51595552059112,7.037335185040289,-55.50774385028456
2002-08-12,7.516623399632512,-46.50843247200788,8.174218298397404,-56.8116115568161
2002-08-13,6.333005463489032,-48.626214331981146,8.980000441622206,-55.51009820355176
2002-08-14,5.471770310583161,-47.783341383971745,9.389191510865837,-55.90865381173755
2002-08-15,5.701837271620872,-48.20797538595371,8.945043537867768,-55.88874884995546
2002-08-16,6.696929807307517,-48.95577962340962,8.720043045133886,-55.48594563667478
2002-08-17,6.562995749092407,-49.290117610619994,8.315151587850185,-57.6635265459328
2002-08-18,6.39324044116802,-49.781443507155075,8.038048508446616,-57.45137923944919
2002-08-19,5.155002004376698,-49.90311986847602,7.185241312829892,-59.18695542965424
2002-08-20,4.409142570045886,-50.04479916027801,6.684068319219021,-59.28793342228813
2002-08-21,4.6295951006070135,-49.741143772492386,5.156869499050862,-59.50665199394378
2002-08-22,5.103075657532499,-50.00505683858412,4.815778018224829,-59.31921542048787
2002-08-23,4.758020532037264,-50.2883478731839,5.347551934174995,-60.354136282346964
2002-08-24,6.017263879562871,-51.010782810825624,6.889197839738213,-58.01846986785059
2002-08-25,6.2334163252204995,-51.041998176397755,7.4495147548958744,-57.25477799308274
2002-08-26,5.258043134863279,-51.17740267711531,8.78165167660708,-56.67337342769537
2002-08-27,4.523115093827369,-52.822565972013734,10.01689410611197,-57.17720847706883
2002-08-28,5.0487003918736315,-51.59228906127385,9.325429180172701,-55.41721969158005
2002-08-29,7.250352807902972,-53.873503432779465,8.513184348912315,-56.76466379468469
2002-08-30,7.03068954788292,-54.0669219752144,8.166877380354915,-57.213291473718364
2002-08-31,7.4160496596733285,-55.08676341116352,7.928973716618688,-57.294121146363395
2002-09-01,6.644852351601706,-55.32315253981081,8.03006089547907,-56.82660581896269
2002-09-02,5.3724962015873965,-55.461850609156116,8.772161919803217,-56.69735101251684
2002-09-03,5.223103861671976,-54.43800307113742,9.487834828551957,-56.40311500783743
2002-09-04,3.051422745999397,-54.28383316752951,10.20283940336452,-56.875485259521795
2002-09-05,3.811013041982664,-55.02103035337835,9.215536771918432,-57.10813832053577
2002-09-06,3.5903876874874627,-53.5277883514255,10.437813432265116,-57.446581281181075
2002-09-07,2.717878673559762,-54.56362936096591,10.959774016554832,-57.65512552602378
2002-09-08,2.2590596273292256,-53.88884225892804,10.44213543991476,-57.55014217402692
2002-09-09,0.16713850274282693,-53.68759124925511,11.846557601019352,-56.78164731430876
2002-09-10,-1.795972358995319,-54.23010286151715,11.360411176858868,-56.51341514014389
2002-09-11,-0.9513501129510015,-54.49757655508405,12.301994697861854,-56.1903514179352
2002-09-12,-1.7782820521312894,-56.092157549416406,14.531041663482386,-54.15029038792476
2002-09-13,-0.8573299377887865,-57.358256072034074,13.225082469455588,-53.33344342084961
2002-09-14,-0.569861504158631,-56.40503405154785,14.237804461546457,-53.208458967037785
2002-09-15,0.22592671828783184,-56.96402971428082,13.829910658176813,-53.046855409563165
2002-09-16,-0.041130696658341626,-56.769478756876566,12.83752699437892,-53.14320349651236
2002-09-17,-0.20839640842961982,-57.12833643418916,12.856441630111066,-52.78694004485322
2002-09-18,-0.7243726066918126,-56.90212325650564,13.174796684975817,-53.21595365638955
2002-09-19,-0.9368077897029479,-58.196667181212646,14.059432428729732,-52.98032871100469
2002-09-20,-0.8120292250656894,-59.70363905503376,13.651225942901517,-53.55940654451515
2002-09-21,-1.7662224523299175,-59.958005912108085,14.366772347333805,-53.85637165171796
2002-09-22,-0.2637916522073658,-58.95400857309857,14.636850746913709,-52.92916864723383
2002-09-23,0.9932354259954741,-61.43156910146223,15.068686135322482,-53.25048723319421
2002-09-24,1.5077694620322242,-60.789375407745176,14.997296782207224,-53.2558797495174
2002-09-25,1.173107899920054,-60.4953507422395,15.713050722770111,-51.65035183096432
2002-09-26,1.009547517293898,-59.48653007820819,15.106193991773189,-52.43632232439114
